{
  "per_model": {
    "XGBoost": {
      "best_threshold": 0.5,
      "balanced_accuracy": 0.6900701713120859,
      "auc_roc": 0.7189673160562516,
      "pr_auc": 0.7850216774474962,
      "confusion_matrix": [
        [
          24645,
          864
        ],
        [
          14948,
          10561
        ]
      ],
      "classification_report": {
        "0": {
          "precision": 0.6224585153941353,
          "recall": 0.9661296013171822,
          "f1-score": 0.7571195969401862,
          "support": 25509.0
        },
        "1": {
          "precision": 0.9243763676148796,
          "recall": 0.41401074130698967,
          "f1-score": 0.5718849840255591,
          "support": 25509.0
        },
        "accuracy": 0.6900701713120859,
        "macro avg": {
          "precision": 0.7734174415045074,
          "recall": 0.6900701713120859,
          "f1-score": 0.6645022904828726,
          "support": 51018.0
        },
        "weighted avg": {
          "precision": 0.7734174415045074,
          "recall": 0.6900701713120859,
          "f1-score": 0.6645022904828727,
          "support": 51018.0
        }
      }
    },
    "Random Forest": {
      "best_threshold": 0.5,
      "balanced_accuracy": 0.6160962797444038,
      "auc_roc": 0.6707204974445409,
      "pr_auc": 0.7167018502744719,
      "confusion_matrix": [
        [
          16724,
          8785
        ],
        [
          10801,
          14708
        ]
      ],
      "classification_report": {
        "0": {
          "precision": 0.6075930971843778,
          "recall": 0.655611744874358,
          "f1-score": 0.6306897462005506,
          "support": 25509.0
        },
        "1": {
          "precision": 0.6260588260332866,
          "recall": 0.5765808146144498,
          "f1-score": 0.6003020284886331,
          "support": 25509.0
        },
        "accuracy": 0.616096279744404,
        "macro avg": {
          "precision": 0.6168259616088322,
          "recall": 0.6160962797444038,
          "f1-score": 0.6154958873445919,
          "support": 51018.0
        },
        "weighted avg": {
          "precision": 0.6168259616088322,
          "recall": 0.616096279744404,
          "f1-score": 0.6154958873445919,
          "support": 51018.0
        }
      }
    },
    "Logistic Regression": {
      "best_threshold": 0.5,
      "balanced_accuracy": 0.5110549217923086,
      "auc_roc": 0.5148740270923006,
      "pr_auc": 0.5071860163463391,
      "confusion_matrix": [
        [
          11815,
          13694
        ],
        [
          11251,
          14258
        ]
      ],
      "classification_report": {
        "0": {
          "precision": 0.512225786872453,
          "recall": 0.46316986161746837,
          "f1-score": 0.4864642305712815,
          "support": 25509.0
        },
        "1": {
          "precision": 0.5100887235260446,
          "recall": 0.5589399819671489,
          "f1-score": 0.5333981781111464,
          "support": 25509.0
        },
        "accuracy": 0.5110549217923086,
        "macro avg": {
          "precision": 0.5111572551992488,
          "recall": 0.5110549217923086,
          "f1-score": 0.509931204341214,
          "support": 51018.0
        },
        "weighted avg": {
          "precision": 0.5111572551992488,
          "recall": 0.5110549217923086,
          "f1-score": 0.509931204341214,
          "support": 51018.0
        }
      }
    },
    "LightGBM": {
      "best_threshold": 0.55,
      "balanced_accuracy": 0.753537966992042,
      "auc_roc": 0.7574720130577062,
      "pr_auc": 0.8260037041519542,
      "confusion_matrix": [
        [
          25507,
          2
        ],
        [
          12572,
          12937
        ]
      ],
      "classification_report": {
        "0": {
          "precision": 0.6698442711205651,
          "recall": 0.9999215962993453,
          "f1-score": 0.8022582877272442,
          "support": 25509.0
        },
        "1": {
          "precision": 0.9998454285493469,
          "recall": 0.5071543376847387,
          "f1-score": 0.6729608822305452,
          "support": 25509.0
        },
        "accuracy": 0.753537966992042,
        "macro avg": {
          "precision": 0.834844849834956,
          "recall": 0.753537966992042,
          "f1-score": 0.7376095849788946,
          "support": 51018.0
        },
        "weighted avg": {
          "precision": 0.834844849834956,
          "recall": 0.753537966992042,
          "f1-score": 0.7376095849788947,
          "support": 51018.0
        }
      }
    },
    "KNN": {
      "best_threshold": 0.45,
      "balanced_accuracy": 0.5824806930887139,
      "auc_roc": 0.6129818449544582,
      "pr_auc": 0.6151867806687554,
      "confusion_matrix": [
        [
          13814,
          11695
        ],
        [
          9606,
          15903
        ]
      ],
      "classification_report": {
        "0": {
          "precision": 0.5898377455166525,
          "recall": 0.5415343604218119,
          "f1-score": 0.5646549081321915,
          "support": 25509.0
        },
        "1": {
          "precision": 0.5762374085078629,
          "recall": 0.6234270257556157,
          "f1-score": 0.5989040992712825,
          "support": 25509.0
        },
        "accuracy": 0.5824806930887138,
        "macro avg": {
          "precision": 0.5830375770122577,
          "recall": 0.5824806930887139,
          "f1-score": 0.581779503701737,
          "support": 51018.0
        },
        "weighted avg": {
          "precision": 0.5830375770122577,
          "recall": 0.5824806930887138,
          "f1-score": 0.581779503701737,
          "support": 51018.0
        }
      }
    },
    "CatBoost": {
      "best_threshold": 0.5,
      "balanced_accuracy": 0.6989885922615547,
      "auc_roc": 0.7313582396431932,
      "pr_auc": 0.7966119774740251,
      "confusion_matrix": [
        [
          24380,
          1129
        ],
        [
          14228,
          11281
        ]
      ],
      "classification_report": {
        "0": {
          "precision": 0.6314753418980522,
          "recall": 0.9557411109804382,
          "f1-score": 0.760484738836814,
          "support": 25509.0
        },
        "1": {
          "precision": 0.9090249798549557,
          "recall": 0.4422360735426712,
          "f1-score": 0.5950051425406788,
          "support": 25509.0
        },
        "accuracy": 0.6989885922615547,
        "macro avg": {
          "precision": 0.770250160876504,
          "recall": 0.6989885922615547,
          "f1-score": 0.6777449406887464,
          "support": 51018.0
        },
        "weighted avg": {
          "precision": 0.770250160876504,
          "recall": 0.6989885922615547,
          "f1-score": 0.6777449406887464,
          "support": 51018.0
        }
      }
    }
  },
  "ensemble": {
    "threshold": 0.5,
    "balanced_accuracy": 0.7192167470304598,
    "auc_roc": 0.7796134337335303,
    "pr_auc": 0.8315325613555913,
    "confusion_matrix": [
      [
        21590,
        3919
      ],
      [
        10406,
        15103
      ]
    ],
    "classification_report": {
      "0": {
        "precision": 0.6747718464808101,
        "recall": 0.8463679485671723,
        "f1-score": 0.7508912268498391,
        "support": 25509.0
      },
      "1": {
        "precision": 0.7939753969088424,
        "recall": 0.5920655454937473,
        "f1-score": 0.6783139835171005,
        "support": 25509.0
      },
      "accuracy": 0.7192167470304598,
      "macro avg": {
        "precision": 0.7343736216948262,
        "recall": 0.7192167470304598,
        "f1-score": 0.7146026051834697,
        "support": 51018.0
      },
      "weighted avg": {
        "precision": 0.7343736216948263,
        "recall": 0.7192167470304598,
        "f1-score": 0.7146026051834699,
        "support": 51018.0
      }
    }
  }
}